{
	"textures": {
		"0": "minecraft:block/custom/broken"
	},
	"elements": [
		{
			"from": [6.02872, 2.48041, 5.83159],
			"to": [9.97128, 13.51959, 10.16841],
			"light_emission": 0,
			"faces": {
				"north": {
					"uv": [0, 0, 5.5, 14],
					"texture": "#0"
				},
				"east": {
					"uv": [0, 0, 5.5, 14],
					"texture": "#0"
				},
				"south": {
					"uv": [0, 0, 5.5, 14],
					"texture": "#0"
				},
				"west": {
					"uv": [0, 0, 5.5, 14],
					"texture": "#0"
				},
				"up": {
					"uv": [0, 0, 5.5, 14],
					"texture": "#0"
				},
				"down": {
					"uv": [0, 0, 5.5, 14],
					"texture": "#0"
				}
			}
		}
	],
	"display": {
		"gui": {
			"rotation": [25, -27.5, 0],
			"translation": [2.02246, 18.14542, 5.24289],
			"scale": [1.26821, 1.26821, 1.26821]
		},
		"fixed": {
			"rotation": [25, -27.5, 0],
			"translation": [2.02246, 18.14542, 5.24289],
			"scale": [1.26821, 1.26821, 1.26821]
		}
	}
}